n_threads,lxml,html,html5,only_lxml
20,90.49626879400012,43.279114960000015,155.1118606,26.64516089299991
